Average,Precision,Recall,F1
macro,0.9320773391323742,0.7137231815803243,0.7959810147835357
