Average,Precision,Recall,F1
macro,0.96146446559393,0.7847247693506818,0.8594590271534114
