Average,Precision,Recall,F1
macro,0.8085034013605441,0.5978875760830649,0.6658163579026889
