Average,Precision,Recall,F1
macro,0.8938775510204081,0.4761138689710118,0.5814405171548029
